﻿<?xml-stylesheet type="text/xsl" href="ficheDocumentaire.xsl"?>
<catalog xmlns="http://crdo.risc.cnrs.fr/schemas/" xmlns:dc="http://purl.org/dc/elements/1.1/"
    xmlns:oai="http://www.openarchives.org/OAI/2.0/" xmlns:crdo="http://crdo.risc.cnrs.fr/schemas/"
    xmlns:olac="http://www.language-archives.org/OLAC/1.1/"
    xmlns:dcterms="http://purl.org/dc/terms/" xmlns:xsi="http://www.w3.org/2001/XMLSchema-instance"
    xsi:schemaLocation="http://cocoon.huma-num.fr/schemas/ http://cocoon.huma-num.fr/schemas/metadata.xsd">
    
    <crdo:item crdo:datestamp="2014-07-15" crdo:id="crdo-NGE_FOURMI_SOUND" crdo:arkid="ark:/87895/1.5-168365" crdo:pacid="168365" crdo:version="1" crdo:maj="1">
        <dc:title xml:lang="fr">Pourquoi la fourmi ne dort pas</dc:title>
        <dcterms:alternative xml:lang="en">Why the ant does not sleep</dcterms:alternative>
        <dc:subject xsi:type="olac:language" olac:code="nge">Mankon</dc:subject>
        <dc:language xsi:type="olac:language" olac:code="nge">Mankon</dc:language>
        <dc:language xsi:type="olac:language" olac:code="fr"/>
        <dc:description xml:lang="fr">Il s'agit d'un petit conte mankon expliquant pourquoi la
            fourmi ne dort plus.</dc:description>
        <dc:type xsi:type="olac:discourse-type" olac:code="narrative"/>
        <dc:type xsi:type="olac:linguistic-type" olac:code="primary_text"/>
        <dc:source>LEROY Jacqueline -- Pourquoi la fourmi ne dort pas : Conte mankon -- In : Langues
            et cultures : Terrains d'Afrique. Hommage à France Cloarec-Heiss / P. Boyeldieu, P.
            Nougayrol (eds.) -- Louvain : Peeters, 2004, p.231-237</dc:source>
        <dcterms:spatial xml:lang="fr">Afrique, Cameroun, Mankon</dcterms:spatial>
        <dcterms:spatial xsi:type="dcterms:Point">east=6; north=10.1</dcterms:spatial>
        <dc:publisher>Laboratoire de langues et civilisations à tradition orale</dc:publisher>
        <dc:contributor xsi:type="olac:role" olac:code="researcher">Leroy, Jacqueline</dc:contributor>
        <dc:contributor xsi:type="olac:role" olac:code="depositor">Leroy, Jacqueline</dc:contributor>
        <dc:contributor xsi:type="olac:role" olac:code="speaker">Che Zuah, Clement</dc:contributor>
        <dcterms:accessRights>Freely available for non-commercial use</dcterms:accessRights>
        <dcterms:license xsi:type="dcterms:URI">http://creativecommons.org/licenses/by-nc/2.5/</dcterms:license>
        <dcterms:created xsi:type="dcterms:W3CDTF">1978-03</dcterms:created>
        <dcterms:extent>PT1M50S</dcterms:extent>
        <dc:format xsi:type="dcterms:IMT">audio/x-wav</dc:format>
        <dc:type xsi:type="dcterms:DCMIType">Sound</dc:type>
        <dcterms:isRequiredBy xsi:type="dcterms:URI">oai:crdo.vjf.cnrs.fr:crdo-NGE_FOURMI</dcterms:isRequiredBy>
        <dcterms:isPartOf xsi:type="dcterms:URI">oai:crdo.vjf.cnrs.fr:crdo-COLLECTION_LACITO</dcterms:isPartOf>
        <crdo:collection>Lacito</crdo:collection>
        <dcterms:isFormatOf xsi:type="dcterms:URI">http://cocoon.huma-num.fr/data/archi/mp3/168365_record_44k.mp3</dcterms:isFormatOf>
        <dc:identifier xsi:type="dcterms:URI">http://cocoon.huma-num.fr/data/archi/168365_record_22km.wav</dc:identifier>
        <dcterms:issued xsi:type="dcterms:W3CDTF">2011-03-28T22:23:25+02:00</dcterms:issued>
        <dcterms:spatial xsi:type="dcterms:ISO3166">CM</dcterms:spatial>
        <dcterms:isFormatOf xsi:type="dcterms:URI">http://cocoon.huma-num.fr/data/archi/masters/168365.wav</dcterms:isFormatOf>
        <dcterms:available xsi:type="dcterms:W3CDTF">2011-03-28</dcterms:available>
    </crdo:item>
    <crdo:item crdo:datestamp="2014-07-15" crdo:id="crdo-NGE_FOURMI" crdo:arkid="ark:/87895/1.5-168371" crdo:pacid="168371" crdo:version="1" crdo:maj="1" crdo:hdl="hdl:10670/1.cxn9js">
        <dc:publisher>Laboratoire de langues et civilisations à tradition orale</dc:publisher>
        <dc:title xml:lang="fr">Pourquoi la fourmi ne dort pas</dc:title>
        <dcterms:alternative xml:lang="en">Why the ant does not sleep</dcterms:alternative>
        <dc:contributor xsi:type="olac:role" olac:code="researcher">Leroy, Jacqueline</dc:contributor>
        <dc:contributor xsi:type="olac:role" olac:code="depositor">Leroy, Jacqueline</dc:contributor>
        <dc:contributor xsi:type="olac:role" olac:code="speaker">Che Zuah, Clement</dc:contributor>
        <dc:contributor xsi:type="olac:role" olac:code="data_inputter">Desseigne, Adrien</dc:contributor>
        <dc:subject xsi:type="olac:language" olac:code="nge">Mankon</dc:subject>
        <dc:language xsi:type="olac:language" olac:code="nge">Mankon</dc:language>
        <dc:language xsi:type="olac:language" olac:code="fr"/>
        <dc:type xsi:type="olac:linguistic-type" olac:code="primary_text"/>
        <dc:type xsi:type="olac:discourse-type" olac:code="narrative"/>
        <dcterms:accessRights>Freely available for non-commercial use</dcterms:accessRights>
        <dcterms:license xsi:type="dcterms:URI">http://creativecommons.org/licenses/by-nc/2.5/</dcterms:license>
        <dcterms:spatial xml:lang="fr">Afrique, Cameroun, Mankon</dcterms:spatial>
        <dcterms:spatial xsi:type="dcterms:Point">east=6; north=10.1</dcterms:spatial>
        <dcterms:created xsi:type="dcterms:W3CDTF">1978-03</dcterms:created>
        <dc:format xsi:type="dcterms:IMT">text/xml</dc:format>
        <dc:type xsi:type="dcterms:DCMIType">Text</dc:type>
        <dc:source>LEROY Jacqueline -- Pourquoi la fourmi ne dort pas : Conte mankon -- In : Langues
            et cultures : Terrains d'Afrique. Hommage à France Cloarec-Heiss / P. Boyeldieu, P.
            Nougayrol (eds.) -- Louvain : Peeters, 2004, p.231-237</dc:source>
        <dc:identifier xsi:type="dcterms:URI">http://cocoon.huma-num.fr/exist/crdo/leroy/nge/crdo-NGE_FOURMI.xml</dc:identifier>
        <dcterms:isFormatOf xsi:type="dcterms:URI">http://cocoon.huma-num.fr/exist/crdo/leroy/nge/crdo-NGE_FOURMI.xhtml</dcterms:isFormatOf>
        <dcterms:conformsTo xsi:type="dcterms:URI">oai:crdo.vjf.cnrs.fr:crdo-dtd_archive</dcterms:conformsTo>
        <dcterms:isPartOf xsi:type="dcterms:URI">oai:crdo.vjf.cnrs.fr:crdo-COLLECTION_LACITO</dcterms:isPartOf>
        <crdo:collection>Lacito</crdo:collection>
        <dcterms:requires xsi:type="dcterms:URI">oai:crdo.vjf.cnrs.fr:crdo-NGE_FOURMI_SOUND</dcterms:requires>
        <dcterms:issued xsi:type="dcterms:W3CDTF">2011-03-28T23:48:48+02:00</dcterms:issued>
        <dcterms:spatial xsi:type="dcterms:ISO3166">CM</dcterms:spatial>
        <dcterms:available xsi:type="dcterms:W3CDTF">2011-03-28</dcterms:available>
    </crdo:item>
</catalog>
